,Project ID,visit_no,trend,p-value,tau
0,WB0703,1,decreasing,0.005952536457538793,-0.3117172405955222
1,RP0214,2,no trend,0.08710867743292616,-0.2224217557630176
2,UP2386,2,increasing,4.884981308350689e-15,0.47658329101551317
3,IH3697,2,increasing,0.046038046653922304,0.16217306827838238
4,TD2282,2,no trend,0.17233938857649012,0.16432939094365853
5,SF1882,2,increasing,0.0029093367035692985,0.3406043423240328
6,HO3405,2,no trend,0.37738588050528743,0.22666666666666666
7,HH3535,2,no trend,0.8284355997956332,0.006652826843451574
8,HX3033,2,no trend,0.23810625774267535,0.17585798909117334
9,MR2536,2,increasing,1.9468642633579947e-06,0.7657799671592775
10,MN1654,2,no trend,0.4273192241940911,-0.05538486902934447
11,MF2141,2,no trend,0.6019437119075794,-0.06706176423777513
12,ME0730,2,decreasing,0.0207751938861076,-0.3545773191791214
13,ML3075,2,increasing,0.0,0.6647781128823783
14,JK3168,2,no trend,0.08041539688285537,0.06900782386229484
15,CE1820,2,no trend,0.23564907773161492,-0.0718071522090178
16,CK2017,2,no trend,0.919201739102024,0.01288321405873313
17,DV0967,2,no trend,0.808153466456798,-0.021356769137268954
18,XZ2583,2,increasing,0.006254904230271308,0.25889838208231325
19,EF0811,2,no trend,0.05316849437422411,-0.30646598910071965
20,LO0909,2,no trend,0.5813956399702194,-0.09278773970355358
21,LP1175,2,no trend,0.42766267347257836,0.13031308903729166
22,RK1399,3,no trend,0.8005713025424668,0.020437440719526793
23,SZ1124,3,no trend,0.6429697902568958,-0.028643136418321193
24,AH3026,3,no trend,0.938270416888384,0.0038231736596099027
25,OH1146,3,no trend,0.1420481935614737,-0.10097790154344187
26,HK2297,3,decreasing,6.015656710545159e-07,-0.3029539814327741
27,VY1044,3,no trend,0.09750612764901323,0.2825521122419528
28,XF2647,3,no trend,0.3287506390120736,0.08797629495784592
29,BK2161,3,no trend,0.09016488865659178,0.10743065872180559
30,YD2695,3,decreasing,0.043205016135884566,-0.16170219360372728
31,PN1857,3,no trend,0.1015431847266246,-0.10167589316427965
32,OK2358,4,no trend,0.06510571024715972,0.12845451733484323
33,MA0727,4,increasing,6.661338147750939e-16,0.42940180060020006
34,QF1860,4,decreasing,1.9095836023552692e-14,-0.36146172584903574
35,YE1235,4,increasing,0.007683688197733796,0.26888141155085954
36,CT1224,5,no trend,0.07649360096759583,0.14958547650798354
37,XV1539,5,decreasing,3.5654029693077405e-06,-0.5978335336926875
38,XY2210,5,decreasing,1.4509148520636117e-05,-0.3540217828484554
39,AF1531,6,increasing,0.010923094404704292,0.13870474378353562
